id	altmetric_id	authors	journal	type	doi	altmetric_score	date	pubyear	pubmonth	males	females	unknown	propmales	propfemales	propunknown	numauthors	firstgender	firstgenderprob	lastgender	lastgenderprob	authors_format	cleaned_authors
44	1272054	['David\xa0W. Van\xa0de\xa0Vosse', 'Yakun Wan', 'Diego\xa0L. Lapetina', 'Wei-Ming Chen', 'Jung-Hsien Chiang', 'John\xa0D. Aitchison', 'Richard\xa0W. Wozniak']	Cell	article	10.1016/j.cell.2013.01.049	2.75	2013-01-01T00:00:00+00:00	2013	1	7	0	0	1	0	0	7	male	0.99	male	0.99	firstlast	David VanDeVosse, Yakun Wan, Diego Lapetina, Wei-Ming Chen, Jung-Hsien Chiang, John Aitchison, Richard Wozniak
2798	587661	['David\xa0J. Anderson']	Cell	article	10.1016/j.cell.2011.12.022	14.7	2012-01-01T00:00:00+00:00	2012	1	1	0	0	1	0	0	1	male	0.99	male	0.99	firstlast	David Anderson
6290	431796	['JosephÂ\xa0E. LeDoux', 'Joshua P. Johansen', 'Christopher K. Cain', 'Linnaea E. Ostroff', 'Joseph E. LeDoux', 'Joshua\xa0P. Johansen', 'Christopher\xa0K. Cain', 'Linnaea\xa0E. Ostroff', 'Joseph\xa0E. LeDoux']	Cell	article	10.1016/j.cell.2011.10.009	19.5	2011-01-01T00:00:00+00:00	2011	1	4	1	0	0.8	0.2	0	5	male	0.81	male	0.99	firstlast	JosephÂ LeDoux, Joshua Johansen, Christopher Cain, Linnaea Ostroff, Joseph LeDoux
10828	4285532	['Richardson, Douglas S', 'Lichtman, Jeff W', 'Douglas\xa0S. Richardson', 'Jeff\xa0W. Lichtman', 'Douglas S. Richardson', 'Jeff W. Lichtman']	Cell	article	10.1016/j.cell.2015.06.067	101.276	2015-07-18T22:00:23+00:00	2015	7	2	0	0	1	0	0	2	male	0.95	male	0.99	firstlast	Richardson Douglas, Lichtman Jeff
12304	4346716	['Teng, Grace', 'Maman, Yaakov', 'Resch, Wolfgang', 'Kim, Min', 'Yamane, Arito', 'Qian, Jason', 'Kieffer-Kwon, Kyong-Rim', 'Mandal, Malay', 'Ji, Yanhong', 'Meffre, Eric', 'Clark, Marcus R', 'Cowell, Lindsay G', 'Casellas, Rafael', 'Schatz, David G', 'Grace Teng', 'Yaakov Maman', 'Wolfgang Resch', 'Min Kim', 'Arito Yamane', 'Jason Qian', 'Kyong-Rim Kieffer-Kwon', 'Malay Mandal', 'Yanhong Ji', 'Eric Meffre', 'Marcus\xa0R. Clark', 'Lindsay\xa0G. Cowell', 'Rafael Casellas', 'David\xa0G. Schatz']	Cell	article	10.1016/j.cell.2015.07.009	6.75	2015-08-04T14:31:47+00:00	2015	8	10	4	0	0.714285714285714	0.285714285714286	0	14	female	0.97	male	0.99	lastfirst	Teng Grace, Maman Yaakov, Resch Wolfgang, Kim Min, Yamane Arito, Qian Jason, Kieffer-Kwon Kyong-Rim, Mandal Malay, Ji Yanhong, Meffre Eric, Clark Marcus, Cowell Lindsay, Casellas Rafael, Schatz David
21343	6159942	['Neil Savage']	Cell	article	10.1016/j.cell.2016.02.051	5.95	2016-03-10T00:00:00+00:00	2016	3	1	0	0	1	0	0	1	male	0.99	male	0.99	firstlast	Neil Savage
22293	1240777	['Karla Kirkegaard', 'Gomez JA', 'Wapinski OL', 'Yang YW', 'Bureau JF', 'Gopinath S', 'Monack DM', 'Chang HY', 'Brahic M', 'Kirkegaard K', 'J.\xa0Antonio Gomez', 'Orly\xa0L. Wapinski', 'Yul\xa0W. Yang', 'Jean-François Bureau', 'Smita Gopinath', 'Denise\xa0M. Monack', 'Howard\xa0Y. Chang', 'Michel Brahic']	Cell	article	10.1016/j.cell.2013.01.015	9.1	2013-01-01T00:00:00+00:00	2013	1	6	2	1	0.666666666666667	0.222222222222222	0.111111111111111	9	female	0.98	male	0.6	firstlast	Karla Kirkegaard, Gomez J, Wapinski Orly, Yang Yul, Bureau Jean-François, Gopinath Smita, Monack Denise, Chang Howard, Brahic Michel
37011	798962	['David\xa0V. Schaffer']	Cell	article	10.1016/j.cell.2011.03.008	0.25	2011-01-01T00:00:00+00:00	2011	1	1	0	0	1	0	0	1	male	0.99	male	0.99	firstlast	David Schaffer
37892	3614447	['Rita Guerreiro', 'José Brás', 'John Hardy']	Cell	article	10.1016/j.cell.2015.01.052	3.5	2015-02-12T00:00:00+00:00	2015	2	2	1	0	0.666666666666667	0.333333333333333	0	3	female	0.98	male	0.99	firstlast	Rita Guerreiro, José Brás, John Hardy
44108	1537043	['Feng Wang', 'Damian\xa0C. Ekiert', 'Insha Ahmad', 'Wenli Yu', 'Yong Zhang', 'Omar Bazirgan', 'Ali Torkamani', 'Terje Raudsepp', 'Waithaka Mwangi', 'Michael\xa0F. Criscitiello', 'Ian\xa0A. Wilson', 'Peter\xa0G. Schultz', 'Vaughn\xa0V. Smider', 'Damian C. Ekiert', 'Michael F. Criscitiello', 'Ian A. Wilson', 'Peter G. Schultz', 'Vaughn V. Smider']	Cell	article	10.1016/j.cell.2013.04.049	138.058	2013-01-01T00:00:00+00:00	2013	1	9	0	4	0.692307692307692	0	0.307692307692308	13	male	0.79	male	1	lastfirst	Feng Wang, Insha Ahmad, Wenli Yu, Yong Zhang, Omar Bazirgan, Ali Torkamani, Terje Raudsepp, Waithaka Mwangi, Damian Ekiert, Michael Criscitiello, Ian Wilson, Peter Schultz, Vaughn Smider
47409	20912669	['Qian, Hongwu', 'Zhao, Xin', 'Cao, Pingping', 'Lei, Jianlin', 'Yan, Nieng', 'Gong, Xin', 'Hongwu Qian', 'Xin Zhao', 'Pingping Cao', 'Jianlin Lei', 'Nieng Yan', 'Xin Gong']	Cell	article	10.1016/j.cell.2017.05.020	21.1	2017-06-01T00:00:00+00:00	2017	6	3	3	0	0.5	0.5	0	6	female	0.7	male	0.8	firstlast	Qian Hongwu, Zhao Xin, Cao Pingping, Lei Jianlin, Yan Nieng, Gong Xin
48597	15129142	['Yongdae Shin', 'Joel Berry', 'Nicole Pannucci', 'Mikko P. Haataja', 'Jared E. Toettcher', 'Clifford P. Brangwynne', 'Shin, Yongdae', 'Berry, Joel', 'Pannucci, Nicole', 'Haataja, Mikko P', 'Toettcher, Jared E', 'Brangwynne, Clifford P']	Cell	article	10.1016/j.cell.2016.11.054	129.396	2016-12-29T00:00:00+00:00	2016	12	5	1	0	0.833333333333333	0.166666666666667	0	6	male	0.75	male	0.99	firstlast	Yongdae Shin, Joel Berry, Nicole Pannucci, Mikko Haataja, Jared Toettcher, Clifford Brangwynne
48974	3447885	['Forman, B M', 'Umesono, K', 'Chen, J', 'Evans, R M', 'Barry Marc Forman', 'Kazuhiko Umesono', 'Jasmine Chen', 'Ronald M. Evans']	Cell	article	10.1016/0092-8674(95)90075-6	6	2015-05-22T22:33:15+00:00	2015	5	3	1	0	0.75	0.25	0	4	male	0.97	male	0.99	lastfirst	Forman Barry, Umesono Kazuhiko, Chen Jasmine, Evans Ronald
55507	8168273	['Haque A', 'Engwerda CR']	Cell	article	10.1016/j.cell.2011.04.004	0	2011-04-28T23:00:00+00:00	2011	4	0	0	2	0	0	1	2					nofirstname	Haque A, Engwerda C
67263	8796290	['Jun Wu', 'Juan\xa0Carlos Izpisua\xa0Belmonte', 'Wu, Jun', 'Izpisua Belmonte, Juan Carlos']	Cell	article	10.1016/j.cell.2016.05.043	31.55	2016-06-16T00:00:00+00:00	2016	6	2	0	0	1	0	0	2	male	0.9	male	0.98	firstlast	Jun Wu, Juan Carlos
69767	4662135	['Shadel, Gerald S', 'Horvath, Tamas L', 'Gerald\xa0S. Shadel', 'Tamas\xa0L. Horvath']	Cell	article	10.1016/j.cell.2015.10.001	36.1	2015-10-27T22:02:28+00:00	2015	10	2	0	0	1	0	0	2	male	0.99	male	0.93	lastfirst	Shadel Gerald, Horvath Tamas
78816	1211500	['Ueli Schibler', 'Alan Gerber', 'Cyril Esnault', 'Gregory Aubert', 'Richard Treisman', 'François Pralong']	Cell	article	10.1016/j.cell.2012.12.027	6.6	2013-01-01T00:00:00+00:00	2013	1	6	0	0	1	0	0	6	male	0.98	male	1	firstlast	Ueli Schibler, Alan Gerber, Cyril Esnault, Gregory Aubert, Richard Treisman, François Pralong
84921	20912673	['Kai Zhang', 'Helen E. Foster', 'Arnaud Rondelet', 'Samuel E. Lacey', 'Nadia Bahi-Buisson', 'Alexander W. Bird', 'Andrew P. Carter', 'Zhang, Kai', 'Foster, Helen E.', 'Rondelet, Arnaud', 'Lacey, Samuel E.', 'Bahi-Buisson, Nadia', 'Bird, Alexander W.', 'Carter, Andrew P.']	Cell	article	10.1016/j.cell.2017.05.025	64.88	2017-06-08T00:00:00+00:00	2017	6	5	2	0	0.714285714285714	0.285714285714286	0	7	male	0.93	male	0.99	firstlast	Kai Zhang, Helen Foster, Arnaud Rondelet, Samuel Lacey, Nadia Bahi-Buisson, Alexander Bird, Andrew Carter
91655	3337500	['Revy, P', 'Muto, T', 'Levy, Y', 'Geissmann, F', 'Plebani, A', 'Sanal, O', 'Catalan, N', 'Forveille, M', 'Dufourcq-Labelouse, R', 'Gennery, A', 'Tezcan, I', 'Ersoy, F', 'Kayserili, H', 'Ugazio, A G', 'Brousse, N', 'Muramatsu, M', 'Notarangelo, L D', 'Kinoshita, K', 'Honjo, T', 'Fischer, A', 'Durandy, A', 'Patrick Revy', 'Taro Muto', 'Yves Levy', 'Frédéric Geissmann', 'Alessandro Plebani', 'Ozden Sanal', 'Nadia Catalan', 'Monique Forveille', 'Rémi Dufourcq-Lagelouse', 'Andrew Gennery', 'Ilhan Tezcan', 'Fugen Ersoy', 'Hulya Kayserili', 'Alberto G Ugazio', 'Nicole Brousse', 'Masamichi Muramatsu', 'Luigi D Notarangelo', 'Kazuo Kinoshita', 'Tasuku Honjo', 'Alain Fischer', 'Anne Durandy']	Cell	article	10.1016/s0092-8674(00)00079-9	13	2015-06-08T22:30:31+00:00	2015	6	15	6	1	0.681818181818182	0.272727272727273	0.0454545454545455	22			female	0.97	lastfirst	Dufourcq-Labelouse R, Revy Patrick, Muto Taro, Levy Yves, Geissmann Frédéric, Plebani Alessandro, Sanal Ozden, Catalan Nadia, Forveille Monique, Rémi Dufourcq-Lagelouse, Gennery Andrew, Tezcan Ilhan, Ersoy Fugen, Kayserili Hulya, Ugazio Alberto, Brousse Nicole, Muramatsu Masamichi, Notarangelo Luigi, Kinoshita Kazuo, Honjo Tasuku, Fischer Alain, Durandy Anne
93952	956690	['Robert\xa0A. Martienssen', 'Joseph\xa0P. Calarco', 'Filipe Borges', 'Mark\xa0T.A. Donoghue', 'Frédéric Van\xa0Ex', 'Pauline\xa0E. Jullien', 'Telma Lopes', 'Rui Gardner', 'Frédéric Berger', 'José\xa0A. Feijó', 'Jörg\xa0D. Becker']	Cell	article	10.1016/j.cell.2012.09.001	19.4	2012-09-20T00:00:00+00:00	2012	9	9	2	0	0.818181818181818	0.181818181818182	0	11	male	0.99	male	0.99	firstlast	Robert Martienssen, Joseph Calarco, Filipe Borges, Mark Donoghue, Frédéric Van, Pauline Jullien, Telma Lopes, Rui Gardner, Frédéric Berger, José Feijó, Jörg Becker
110080	13755711	['Brice\xa0E. Keyes', 'Siqi Liu', 'Amma Asare', 'Shruti Naik', 'John Levorse', 'Lisa Polak', 'Catherine\xa0P. Lu', 'Maria Nikolova', 'Hilda\xa0Amalia Pasolli', 'Elaine Fuchs', 'Keyes, Brice E', 'Liu, Siqi', 'Asare, Amma', 'Naik, Shruti', 'Levorse, John', 'Polak, Lisa', 'Lu, Catherine P', 'Nikolova, Maria', 'Pasolli, Hilda Amalia', 'Fuchs, Elaine', 'Brice E. Keyes', 'Catherine P. Lu', 'Hilda Amalia Pasolli']	Cell	article	10.1016/j.cell.2016.10.052	177.508	2016-11-01T00:00:00+00:00	2016	11	5	4	1	0.5	0.4	0.1	10	male	0.56	female	0.98	lastfirst	Siqi Liu, Amma Asare, Shruti Naik, John Levorse, Lisa Polak, Maria Nikolova, Elaine Fuchs, Brice Keyes, Catherine Lu, Hilda Amalia
111294	2218722	['Wolff S', 'Weissman JS', 'Dillin A', 'Suzanne Wolff', 'Jonathan\xa0S. Weissman', 'Andrew Dillin']	Cell	article	10.1016/j.cell.2014.03.007	30.05	2014-03-27T00:00:00+00:00	2014	3	2	1	0	0.666666666666667	0.333333333333333	0	3	female	0.98	male	0.99	lastfirst	Wolff Suzanne, Weissman Jonathan, Dillin Andrew
112415	4549639	['Stelzer, Yonatan', 'Shivalila, Chikdu Shakti', 'Soldner, Frank', 'Markoulaki, Styliani', 'Jaenisch, Rudolf', 'Yonatan Stelzer', 'Chikdu\xa0Shakti Shivalila', 'Frank Soldner', 'Styliani Markoulaki', 'Rudolf Jaenisch']	Cell	article	10.1016/j.cell.2015.08.046	77.88	2015-09-26T10:07:14+00:00	2015	9	3	1	1	0.6	0.2	0.2	5	male	0.98	male	0.99	lastfirst	Stelzer Yonatan, Shivalila Chikdu, Soldner Frank, Markoulaki Styliani, Jaenisch Rudolf
113473	11899585	['Andrew Wang', 'Sarah\xa0C. Huen', 'Harding\xa0H. Luan', 'Shuang Yu', 'Cuiling Zhang', 'Jean-Dominique Gallezot', 'Carmen\xa0J. Booth', 'Ruslan Medzhitov', 'Wang, Andrew', 'Huen, Sarah C', 'Luan, Harding H', 'Yu, Shuang', 'Zhang, Cuiling', 'Gallezot, Jean-Dominique', 'Booth, Carmen J', 'Medzhitov, Ruslan', 'Sarah C. Huen', 'Harding H. Luan', 'Carmen J. Booth']	Cell	article	10.1016/j.cell.2016.07.026	673.386	2016-09-08T00:00:00+00:00	2016	9	5	3	0	0.625	0.375	0	8	male	0.99	female	0.98	firstlast	Andrew Wang, Shuang Yu, Cuiling Zhang, Jean-Dominique Gallezot, Ruslan Medzhitov, Sarah Huen, Harding Luan, Carmen Booth
116024	3388982	['Peet, D J', 'Turley, S D', 'Ma, W', 'Janowski, B A', 'Lobaccaro, J M', 'Hammer, R E', 'Mangelsdorf, D J', 'Daniel J Peet', 'Stephen D Turley', 'Wenzhen Ma', 'Bethany A Janowski', 'Jean-Marc A Lobaccaro', 'Robert E Hammer', 'David J Mangelsdorf']	Cell	article	10.1016/s0092-8674(00)81432-4	10	2017-01-21T18:59:18+00:00	2017	1	5	2	0	0.714285714285714	0.285714285714286	0	7	male	0.99	male	0.99	lastfirst	Peet Daniel, Turley Stephen, Ma Wenzhen, Janowski Bethany, Lobaccaro Jean-Marc, Hammer Robert, Mangelsdorf David
123777	451113	['X.Z.\xa0Shawn Xu', 'Beverly\xa0J. Piggott', 'Jie Liu', 'Zhaoyang Feng', 'Seth\xa0A. Wescott']	Cell	article	10.1016/j.cell.2011.08.053	6.5	2011-01-01T00:00:00+00:00	2011	1	3	1	1	0.6	0.2	0.2	5			male	0.98	firstlast	X Shawn, Beverly Piggott, Jie Liu, Zhaoyang Feng, Seth Wescott
130923	1081710	['René Bernards', 'Sidong Huang', 'Michael Hölzel', 'Theo Knijnenburg', 'Andreas Schlicker', 'Paul Roepman', 'Ultan McDermott', 'Mathew Garnett', 'Wipawadee Grernrum', 'Chong Sun', 'Anirudh Prahallad', 'Floris\xa0H. Groenendijk', 'Lorenza Mittempergher', 'Wouter Nijkamp', 'Jacques Neefjes', 'Ramon Salazar', 'Peter ten\xa0Dijke', 'Hidetaka Uramoto', 'Fumihiro Tanaka', 'Roderick\xa0L. Beijersbergen', 'Lodewyk\xa0F.A. Wessels']	Cell	article	10.1016/j.cell.2012.10.035	45.35	2012-01-01T00:00:00+00:00	2012	1	18	2	1	0.857142857142857	0.0952380952380952	0.0476190476190476	21			male	1	firstlast	René Bernards, Sidong Huang, Michael Hölzel, Theo Knijnenburg, Andreas Schlicker, Paul Roepman, Ultan McDermott, Mathew Garnett, Wipawadee Grernrum, Chong Sun, Anirudh Prahallad, Floris Groenendijk, Lorenza Mittempergher, Wouter Nijkamp, Jacques Neefjes, Ramon Salazar, Peter ten, Hidetaka Uramoto, Fumihiro Tanaka, Roderick Beijersbergen, Lodewyk Wessels
134254	802947	['Alex\xa0L. Kolodkin', 'Riccomagno MM', 'Hurtado A', 'Wang H', 'Macopson JG', 'Griner EM', 'Betz A', 'Brose N', 'Kazanietz MG', 'Kolodkin AL', 'Martin\xa0M. Riccomagno', 'Andrés Hurtado', 'HongBin Wang', 'Joshua\xa0G.J. Macopson', 'Erin\xa0M. Griner', 'Andrea Betz', 'Nils Brose', 'Marcelo\xa0G. Kazanietz']	Cell	article	10.1016/j.cell.2012.05.018	5.5	2012-01-01T00:00:00+00:00	2012	1	5	1	3	0.555555555555556	0.111111111111111	0.333333333333333	9	male	0.9			firstlast	Alex Kolodkin, Riccomagno Martin, Hurtado Andrés, Wang HongBin, Macopson Joshua, Griner Erin, Betz Andrea, Brose Nils, Kazanietz Marcelo
135147	3546666	['Chen G', 'Mulla WA', 'Kucharavy A', 'Tsai HJ', 'Rubinstein B', 'Conkright J', 'McCroskey S', 'Bradford WD', 'Weems L', 'Haug JS', 'Seidel CW', 'Berman J', 'Li R', 'Guangbo Chen', 'Wahid\xa0A. Mulla', 'Andrei Kucharavy', 'Hung-Ji Tsai', 'Boris Rubinstein', 'Juliana Conkright', 'Scott McCroskey', 'William\xa0D. Bradford', 'Lauren Weems', 'Jeff\xa0S. Haug', 'Chris\xa0W. Seidel', 'Judith Berman', 'Rong Li']	Cell	article	10.1016/j.cell.2015.01.026	47.05	2015-12-02T00:00:00+00:00	2015	12	10	3	0	0.769230769230769	0.230769230769231	0	13	male	0.62	male	0.59	lastfirst	Chen Guangbo, Mulla Wahid, Kucharavy Andrei, Tsai Hung-Ji, Rubinstein Boris, Conkright Juliana, McCroskey Scott, Bradford William, Weems Lauren, Haug Jeff, Seidel Chris, Berman Judith, Li Rong
143136	492653	['Huihui Chen', 'Hui Sun', 'Fuping You', 'Wenxiang Sun', 'Xiang Zhou', 'Lu Chen', 'Jing Yang', 'Yutao Wang', 'Hong Tang', 'Yukun Guan', 'Weiwei Xia', 'Jun Gu', 'Hiroki Ishikawa', 'Delia Gutman', 'Glen Barber', 'Zhihai Qin', 'Zhengfan Jiang']	Cell	article	10.1016/j.cell.2011.09.022	6.5	2011-10-14T00:00:00+00:00	2011	10	11	6	0	0.647058823529412	0.352941176470588	0	17	female	0.74	male	0.75	firstlast	Huihui Chen, Hui Sun, Fuping You, Wenxiang Sun, Xiang Zhou, Lu Chen, Jing Yang, Yutao Wang, Hong Tang, Yukun Guan, Weiwei Xia, Jun Gu, Hiroki Ishikawa, Delia Gutman, Glen Barber, Zhihai Qin, Zhengfan Jiang
164196	12185443	['Sedlyarova, Nadezda', 'Shamovsky, Ilya', 'Bharati, Binod K', 'Epshtein, Vitaly', 'Chen, Jiandong', 'Gottesman, Susan', 'Schroeder, Renée', 'Nudler, Evgeny', 'Sedlyarova N', 'Shamovsky I', 'Bharati BK', 'Epshtein V', 'Chen J', 'Gottesman S', 'Schroeder R', 'Nudler E', 'Nadezda Sedlyarova', 'Ilya Shamovsky', 'Binod\xa0K. Bharati', 'Vitaly Epshtein', 'Jiandong Chen', 'Susan Gottesman', 'Renée Schroeder', 'Evgeny Nudler', 'Binod K. Bharati']	Cell	article	10.1016/j.cell.2016.09.004	15.2	2016-09-01T00:00:00+00:00	2016	9	5	3	0	0.625	0.375	0	8	female	0.99	male	1	lastfirst	Sedlyarova Nadezda, Shamovsky Ilya, Epshtein Vitaly, Chen Jiandong, Gottesman Susan, Schroeder Renée, Nudler Evgeny, Bharati Binod
164485	431795	['Rachel Bernstein']	Cell	article	10.1016/j.cell.2011.10.010	9.6	2011-01-01T00:00:00+00:00	2011	1	0	1	0	0	1	0	1	female	0.98	female	0.98	firstlast	Rachel Bernstein
165192	630267	['Gerald\xa0I. Shulman', 'Samuel VT', 'Shulman GI', 'Varman T. Samuel', 'Gerald I. Shulman', 'Varman\xa0T. Samuel']	Cell	article	10.1016/j.cell.2012.02.017	57.148	2012-01-01T00:00:00+00:00	2012	1	2	0	0	1	0	0	2	male	0.99	male	0.99	firstlast	Gerald Shulman, Samuel Varman
169922	530105	['Edlich F', 'Banerjee S', 'Suzuki M', 'Cleland MM', 'Arnoult D', 'Wang C', 'Neutzner A', 'Tjandra N', 'Youle RJ']	Cell	article	10.1016/j.cell.2011.02.034	1	2011-04-05T00:00:00+00:00	2011	4	0	0	9	0	0	1	9					nofirstname	Edlich F, Banerjee S, Suzuki M, Cleland M, Arnoult D, Wang C, Neutzner A, Tjandra N, Youle R
173365	881102	['Claudia Lukas', 'Gudjonsson T', 'Altmeyer M', 'Savic V', 'Toledo L', 'Dinant C', 'Grøfte M', 'Bartkova J', 'Poulsen M', 'Oka Y', 'Bekker-Jensen S', 'Mailand N', 'Neumann B', 'Heriche JK', 'Shearer R', 'Saunders D', 'Bartek J', 'Lukas J', 'Lukas C', 'Thorkell Gudjonsson', 'Matthias Altmeyer', 'Velibor Savic', 'Luis Toledo', 'Christoffel Dinant', 'Merete Grøfte', 'Jirina Bartkova', 'Maria Poulsen', 'Yasuyoshi Oka', 'Simon Bekker-Jensen', 'Niels Mailand', 'Beate Neumann', 'Jean-Karim Heriche', 'Robert Shearer', 'Darren Saunders', 'Jiri Bartek', 'Jiri Lukas']	Cell	article	10.1016/j.cell.2012.06.039	5.85	2012-08-09T00:00:00+00:00	2012	8	13	2	3	0.722222222222222	0.111111111111111	0.166666666666667	18	female	0.98	male	0.99	firstlast	Claudia Lukas, Gudjonsson Thorkell, Altmeyer Matthias, Savic Velibor, Toledo Luis, Dinant Christoffel, Grøfte Merete, Bartkova Jirina, Poulsen Maria, Oka Yasuyoshi, Bekker-Jensen Simon, Mailand Niels, Neumann Beate, Heriche Jean-Karim, Shearer Robert, Saunders Darren, Bartek Jiri, Lukas Jiri
192671	22529580	['Kvajo M']	Cell	article	None	0	2014-10-09T00:00:00+00:00	2014	10	0	0	1	0	0	1	1					nofirstname	Kvajo M
203082	31555735	['Christ, Anette', 'Günther, Patrick', 'Lauterbach, Mario A.R.', 'Duewell, Peter', 'Biswas, Debjani', 'Pelka, Karin', 'Scholz, Claus J.', 'Oosting, Marije', 'Haendler, Kristian', 'Baßler, Kevin', 'Klee, Kathrin', 'Schulte-Schrepping, Jonas', 'Ulas, Thomas', 'Moorlag, Simone J.C.F.M.', 'Kumar, Vinod', 'Park, Min Hi', 'Joosten, Leo A.B.', 'Groh, Laszlo A.', 'Riksen, Niels P.', 'Espevik, Terje', 'Schlitzer, Andreas', 'Li, Yang', 'Fitzgerald, Michael L.', 'Netea, Mihai G.', 'Schultze, Joachim L.', 'Latz, Eicke', 'Anette Christ', 'Patrick Günther', 'Mario A.R. Lauterbach', 'Peter Duewell', 'Debjani Biswas', 'Karin Pelka', 'Claus J. Scholz', 'Marije Oosting', 'Kristian Haendler', 'Kevin Baßler', 'Kathrin Klee', 'Jonas Schulte-Schrepping', 'Thomas Ulas', 'Simone J.C.F.M. Moorlag', 'Vinod Kumar', 'Min Hi Park', 'Leo A.B. Joosten', 'Laszlo A. Groh', 'Niels P. Riksen', 'Terje Espevik', 'Andreas Schlitzer', 'Yang Li', 'Michael L. Fitzgerald', 'Mihai G. Netea', 'Joachim L. Schultze', 'Eicke Latz']	Cell	article	10.1016/j.cell.2017.12.013	1179.876	2018-01-01T00:00:00+00:00	2018	1	21	5	0	0.807692307692308	0.192307692307692	0	26	female	0.98	male	1	lastfirst	Christ Anette, Günther Patrick, Lauterbach Mario, Duewell Peter, Biswas Debjani, Pelka Karin, Scholz Claus, Oosting Marije, Haendler Kristian, Baßler Kevin, Klee Kathrin, Schulte-Schrepping Jonas, Ulas Thomas, Moorlag Simone, Kumar Vinod, Park Min, Joosten Leo, Groh Laszlo, Riksen Niels, Espevik Terje, Schlitzer Andreas, Li Yang, Fitzgerald Michael, Netea Mihai, Schultze Joachim, Latz Eicke
203151	673000	['Scott Keeney']	Cell	article	10.1016/j.cell.2012.03.011	0.25	2012-01-01T00:00:00+00:00	2012	1	1	0	0	1	0	0	1	male	0.99	male	0.99	firstlast	Scott Keeney
204477	505065	['Ansari, Aseem Z', 'Rosner, Marsha Rich', 'Adler, Julius', 'Aseem\xa0Z. Ansari', 'Marsha\xa0Rich Rosner', 'Julius Adler']	Cell	article	10.1016/j.cell.2011.12.008	25.98	2011-12-22T00:00:00+00:00	2011	12	2	1	0	0.666666666666667	0.333333333333333	0	3	male	1	male	0.99	lastfirst	Ansari Aseem, Rosner Marsha, Adler Julius
209916	673019	['Lluís Ribas\xa0de\xa0Pouplana', 'Novoa EM', 'Pavon-Eternod M', 'Pan T', 'Ribas de Pouplana L', 'Eva\xa0Maria Novoa', 'Mariana Pavon-Eternod', 'Tao Pan']	Cell	article	10.1016/j.cell.2012.01.050	10	2012-01-01T00:00:00+00:00	2012	1	1	2	1	0.25	0.5	0.25	4			male	0.86	lastfirst	Lluís Ribas, Novoa Eva, Pavon-Eternod Mariana, Pan Tao
223457	7636219	['Sha Liu', 'Qili Liu', 'Masashi Tabuchi', 'Mark\xa0N. Wu', 'Liu, Sha', 'Liu, Qili', 'Tabuchi, Masashi', 'Wu, Mark N', 'Mark N. Wu']	Cell	article	10.1016/j.cell.2016.04.013	423.396	2016-05-19T00:00:00+00:00	2016	5	3	1	0	0.75	0.25	0	4	female	0.62	male	0.99	firstlast	Sha Liu, Qili Liu, Masashi Tabuchi, Mark Wu
227501	27968528	['Alberto Elosegui-Artola', 'Ion Andreu', 'Amy E.M. Beedle', 'Ainhoa Lezamiz', 'Marina Uroz', 'Anita J. Kosmalska', 'Roger Oria', 'Jenny Z. Kechagia', 'Palma Rico-Lastres', 'Anabel-Lise Le Roux', 'Catherine M. Shanahan', 'Xavier Trepat', 'Daniel Navajas', 'Sergi Garcia-Manyes', 'Pere Roca-Cusachs']	Cell	article	10.1016/j.cell.2017.10.008	164.55	2017-10-01T00:00:00+00:00	2017	10	7	8	0	0.466666666666667	0.533333333333333	0	15	male	0.99	male	0.97	firstlast	Alberto Elosegui-Artola, Ion Andreu, Amy Beedle, Ainhoa Lezamiz, Marina Uroz, Anita Kosmalska, Roger Oria, Jenny Kechagia, Palma Rico-Lastres, Anabel-Lise Le, Catherine Shanahan, Xavier Trepat, Daniel Navajas, Sergi Garcia-Manyes, Pere Roca-Cusachs
230928	1272048	['Tslil Ast', 'Galit Cohen', 'Maya Schuldiner']	Cell	article	10.1016/j.cell.2013.02.003	2.5	2013-01-01T00:00:00+00:00	2013	1	1	2	0	0.333333333333333	0.666666666666667	0	3	male	0.68	female	0.95	firstlast	Tslil Ast, Galit Cohen, Maya Schuldiner
233455	593343	['Samuel\xa0L. Pfaff']	Cell	article	10.1016/j.cell.2012.01.024	10.546	2012-01-01T00:00:00+00:00	2012	1	1	0	0	1	0	0	1	male	0.99	male	0.99	firstlast	Samuel Pfaff
234754	195421	['Amita Sehgal', 'Emmanuel Mignot']	Cell	article	10.1016/j.cell.2011.07.004	71.66	2011-07-22T00:00:00+00:00	2011	7	1	1	0	0.5	0.5	0	2	female	0.91	male	0.99	firstlast	Amita Sehgal, Emmanuel Mignot
235244	2183090	['Zheng S', 'Kim H', 'Verhaak RG', 'Siyuan Zheng', 'Hoon Kim', 'Roel\xa0G.W. Verhaak']	Cell	article	10.1016/j.cell.2014.02.037	10.8	2014-03-13T00:00:00+00:00	2014	3	3	0	0	1	0	0	3	male	0.75	male	0.99	lastfirst	Zheng Siyuan, Kim Hoon, Verhaak Roel
235561	4067649	['Miao, Yuxuan', 'Li, Guojie', 'Zhang, Xiaoli', 'Xu, Haoxing', 'Abraham, Soman N', 'Yuxuan Miao', 'Guojie Li', 'Xiaoli Zhang', 'Haoxing Xu', 'Soman\xa0N. Abraham']	Cell	article	10.1016/j.cell.2015.05.009	35.25	2015-06-02T10:31:13+00:00	2015	6	2	3	0	0.4	0.6	0	5	female	0.59	male	0.98	firstlast	Miao Yuxuan, Li Guojie, Zhang Xiaoli, Xu Haoxing, Abraham Soman
236977	41822701	['Zhu, Hongying', 'Wang, Ning', 'Yao, Lei', 'Chen, Qi', 'Zhang, Ran', 'Qian, Junchao', 'Hou, Yiwen', 'Guo, Weiwei', 'Fan, Sijia', 'Liu, Siling', 'Zhao, Qiaoyun', 'Du, Feng', 'Zuo, Xin', 'Guo, Yujun', 'Xu, Yan', 'Li, Jiali', 'Xue, Tian', 'Zhong, Kai', 'Song, Xiaoyuan', 'Huang, Guangming', 'Xiong, Wei', 'Hongying Zhu', 'Ning Wang', 'Lei Yao', 'Qi Chen', 'Ran Zhang', 'Junchao Qian', 'Yiwen Hou', 'Weiwei Guo', 'Sijia Fan', 'Siling Liu', 'Qiaoyun Zhao', 'Feng Du', 'Xin Zuo', 'Yujun Guo', 'Yan Xu', 'Jiali Li', 'Tian Xue', 'Kai Zhong', 'Xiaoyuan Song', 'Guangming Huang', 'Wei Xiong']	Cell	article	10.1016/j.cell.2018.04.014	177.396	2018-05-01T00:00:00+00:00	2018	5	17	4	0	0.80952380952381	0.19047619047619	0	21	male	0.58	male	0.75	firstlast	Zhu Hongying, Wang Ning, Yao Lei, Chen Qi, Zhang Ran, Qian Junchao, Hou Yiwen, Guo Weiwei, Fan Sijia, Liu Siling, Zhao Qiaoyun, Du Feng, Zuo Xin, Guo Yujun, Xu Yan, Li Jiali, Xue Tian, Zhong Kai, Song Xiaoyuan, Huang Guangming, Xiong Wei
242685	1817951	['Hiroyasu Konno', 'Keiko Konno', 'Glen\xa0N. Barber']	Cell	article	10.1016/j.cell.2013.09.049	15.5	2013-10-10T00:00:00+00:00	2013	10	2	1	0	0.666666666666667	0.333333333333333	0	3	male	1	male	0.55	firstlast	Hiroyasu Konno, Keiko Konno, Glen Barber
242783	1570959	['J.\xa0Ross Buchan', 'Regina-Maria Kolaitis', 'J.\xa0Paul Taylor', 'Roy Parker', 'Buchan JR', 'Kolaitis RM', 'Taylor JP', 'Parker R', 'J. Ross Buchan', 'J. Paul Taylor']	Cell	article	10.1016/j.cell.2013.05.037	20.8	2013-01-01T00:00:00+00:00	2013	1	0	1	5	0	0.166666666666667	0.833333333333333	6					nofirstname	Buchan J, Regina-Maria Kolaitis, Taylor J, Roy Parker, J Ross, J Paul
242809	3127635	['Lorch, Y', 'LaPointe, J W', 'Kornberg, R D', 'Yahli Lorch', 'Janice W. LaPointe', 'Roger D. Kornberg']	Cell	article	10.1016/0092-8674(87)90561-7	6	2016-01-03T13:19:34+00:00	2016	1	1	1	1	0.333333333333333	0.333333333333333	0.333333333333333	3			male	0.98	lastfirst	Lorch Yahli, LaPointe Janice, Kornberg Roger
257307	23725614	['Hamperl, Stephan', 'Bocek, Michael J.', 'Saldivar, Joshua C.', 'Swigut, Tomek', 'Cimprich, Karlene A.', 'Stephan Hamperl', 'Michael J. Bocek', 'Joshua C. Saldivar', 'Tomek Swigut', 'Karlene A. Cimprich']	Cell	article	10.1016/j.cell.2017.07.043	24.4	2017-08-01T00:00:00+00:00	2017	8	4	1	0	0.8	0.2	0	5	male	0.99	female	0.94	lastfirst	Hamperl Stephan, Bocek Michael, Saldivar Joshua, Swigut Tomek, Cimprich Karlene
262389	2698717	['Zhang XO', 'Wang HB', 'Zhang Y', 'Lu X', 'Chen LL', 'Yang L']	Cell	article	10.1016/j.cell.2014.09.001	29.004	2014-09-16T23:00:00+00:00	2014	9	0	0	6	0	0	1	6					nofirstname	Zhang X, Wang H, Zhang Y, Lu X, Chen L, Yang L
272141	3069475	['Loo JM', 'Scherl A', 'Nguyen A', 'Man FY', 'Weinberg E', 'Zeng Z', 'Saltz L', 'Paty PB', 'Tavazoie SF', 'Jia\xa0Min Loo', 'Alexis Scherl', 'Alexander Nguyen', 'Fung\xa0Ying Man', 'Ethan Weinberg', 'Zhaoshi Zeng', 'Leonard Saltz', 'Philip\xa0B. Paty', 'Sohail\xa0F. Tavazoie']	Cell	article	10.1016/j.cell.2014.12.018	63.55	2015-01-15T00:00:00+00:00	2015	1	8	1	0	0.888888888888889	0.111111111111111	0	9	female	0.63	male	0.99	lastfirst	Loo Jia, Scherl Alexis, Nguyen Alexander, Man Fung, Weinberg Ethan, Zeng Zhaoshi, Saltz Leonard, Paty Philip, Tavazoie Sohail
272316	1746692	['Peter\xa0S. Roland', 'Emily Tobey']	Cell	article	10.1016/j.cell.2013.08.047	0.25	2013-01-01T00:00:00+00:00	2013	1	1	1	0	0.5	0.5	0	2	male	0.99	female	0.98	firstlast	Peter Roland, Emily Tobey
272398	29013168	['Jarosz, Daniel F.', 'Khurana, Vikram', 'Daniel F. Jarosz', 'Vikram Khurana']	Cell	article	10.1016/j.cell.2017.10.047	73.448	2017-11-01T00:00:00+00:00	2017	11	2	0	0	1	0	0	2	male	0.99	male	0.99	lastfirst	Jarosz Daniel, Khurana Vikram
285727	1226792	['Jonathan\xa0S. Weissman', 'Bassik MC', 'Kampmann M', 'Lebbink RJ', 'Wang S', 'Hein MY', 'Poser I', 'Weibezahn J', 'Horlbeck MA', 'Chen S', 'Mann M', 'Hyman AA', 'Leproust EM', 'McManus MT', 'Weissman JS', 'Michael\xa0C. Bassik', 'Martin Kampmann', 'Robert\xa0Jan Lebbink', 'Shuyi Wang', 'Marco\xa0Y. Hein', 'Ina Poser', 'Jimena Weibezahn', 'Max\xa0A. Horlbeck', 'Siyuan Chen', 'Matthias Mann', 'Anthony\xa0A. Hyman', 'Emily\xa0M. LeProust', 'Michael\xa0T. McManus']	Cell	article	10.1016/j.cell.2013.01.030	37.32	2013-02-07T00:00:00+00:00	2013	2	10	1	4	0.666666666666667	0.0666666666666667	0.266666666666667	15			male	0.99	firstlast	Leproust E, Jonathan Weissman, Bassik Michael, Kampmann Martin, Lebbink Robert, Wang Shuyi, Hein Marco, Poser Ina, Weibezahn Jimena, Horlbeck Max, Chen Siyuan, Mann Matthias, Hyman Anthony, Emily LeProust, Michael McManus
288534	21200415	['Jianwei Wang', 'Qian Sun', 'Yohei Morita', 'Hong Jiang', 'Alexander Groß', 'André Lechel', 'Kai Hildner', 'Luis\xa0Miguel Guachalla', 'Anne Gompf', 'Daniel Hartmann', 'Axel Schambach', 'Torsten Wüstefeld', 'Daniel Dauch', 'Hubert Schrezenmeier', 'Wolf-Karsten Hofmann', 'Hiromitsu Nakauchi', 'Zhenyu Ju', 'Hans\xa0A. Kestler', 'Lars Zender', 'K.\xa0Lenhard Rudolph']	Cell	article	10.1016/j.cell.2014.08.033	10.12	2014-09-01T00:00:00+00:00	2014	9	17	2	1	0.85	0.1	0.05	20	male	0.64			firstlast	Jianwei Wang, Qian Sun, Yohei Morita, Hong Jiang, Alexander Groß, André Lechel, Kai Hildner, Luis Miguel, Anne Gompf, Daniel Hartmann, Axel Schambach, Torsten Wüstefeld, Daniel Dauch, Hubert Schrezenmeier, Wolf-Karsten Hofmann, Hiromitsu Nakauchi, Zhenyu Ju, Hans Kestler, Lars Zender, K Lenhard
288766	4185188	['Sato, Toshiro', 'Clevers, Hans', 'Toshiro Sato', 'Hans Clevers']	Cell	article	10.1016/j.cell.2015.06.028	1	2015-06-20T22:01:29+00:00	2015	6	2	0	0	1	0	0	2	male	0.99	male	0.97	lastfirst	Sato Toshiro, Clevers Hans
289587	943992	['Benoit\xa0G. Bruneau', 'Joseph\xa0A. Wamstad', 'Jeffrey\xa0M. Alexander', 'Rebecca\xa0M. Truty', 'Avanti Shrikumar', 'Fugen Li', 'Kirsten\xa0E. Eilertson', 'Huiming Ding', 'John\xa0N. Wylie', 'Alexander\xa0R. Pico', 'John\xa0A. Capra', 'Genevieve Erwin', 'Steven\xa0J. Kattman', 'Gordon\xa0M. Keller', 'Deepak Srivastava', 'Stuart\xa0S. Levine', 'Katherine\xa0S. Pollard', 'Alisha\xa0K. Holloway', 'Laurie\xa0A. Boyer']	Cell	article	10.1016/j.cell.2012.07.035	24.7	2012-09-13T00:00:00+00:00	2012	9	12	7	0	0.631578947368421	0.368421052631579	0	19	male	0.99	female	0.95	firstlast	Benoit Bruneau, Joseph Wamstad, Jeffrey Alexander, Rebecca Truty, Avanti Shrikumar, Fugen Li, Kirsten Eilertson, Huiming Ding, John Wylie, Alexander Pico, John Capra, Genevieve Erwin, Steven Kattman, Gordon Keller, Deepak ivastava, Stuart Levine, Katherine Pollard, Alisha Holloway, Laurie Boyer
290018	2950341	['Deng L', 'Song J', 'Gao X', 'Wang J', 'Yu H', 'Chen X', 'Varki N', 'Naito-Matsui Y', 'Galán JE', 'Varki A', 'Lingquan Deng', 'Jeongmin Song', 'Xiang Gao', 'Jiawei Wang', 'Hai Yu', 'Xi Chen', 'Nissi Varki', 'Yuko Naito-Matsui', 'Jorge\xa0E. Galán', 'Ajit Varki']	Cell	article	10.1016/j.cell.2014.10.057	25.244	2014-04-12T00:00:00+00:00	2014	4	7	2	1	0.7	0.2	0.1	10	male	0.7	female	0.5	firstlast	Deng Lingquan, Song Jeongmin, Gao Xiang, Wang Jiawei, Yu Hai, Chen Xi, Varki Nissi, Naito-Matsui Yuko, Galán Jorge, Varki Ajit
305687	8612823	"['Vanja Sisirak', 'Benjamin Sally', 'Vivette D’Agati', 'Wilnelly Martinez-Ortiz', 'Z.\xa0Birsin Özçakar', 'Joseph David', 'Ali Rashidfarrokhi', 'Ada Yeste', 'Casandra Panea', 'Asiya\xa0Seema Chida', 'Milena Bogunovic', 'Ivaylo\xa0I. Ivanov', 'Francisco\xa0J. Quintana', 'Inaki Sanz', 'Keith\xa0B. Elkon', 'Mustafa Tekin', 'Fatoş Yalçınkaya', 'Timothy\xa0J. Cardozo', 'Robert\xa0M. Clancy', 'Jill\xa0P. Buyon', 'Boris Reizis', 'Sisirak, Vanja', 'Sally, Benjamin', """"D'Agati, Vivette"""", 'Martinez-Ortiz, Wilnelly', 'Özçakar, Z Birsin', 'David, Joseph', 'Rashidfarrokhi, Ali', 'Yeste, Ada', 'Panea, Casandra', 'Chida, Asiya Seema', 'Bogunovic, Milena', 'Ivanov, Ivaylo I', 'Quintana, Francisco J', 'Sanz, Inaki', 'Elkon, Keith B', 'Tekin, Mustafa', 'Yalçınkaya, Fatoş', 'Cardozo, Timothy J', 'Clancy, Robert M', 'Buyon, Jill P', 'Reizis, Boris']"	Cell	article	10.1016/j.cell.2016.05.034	97.2	2016-06-09T00:00:00+00:00	2016	6	11	7	4	0.5	0.318181818181818	0.181818181818182	22			male	0.99	firstlast	Vivette Agati, Z Birsin, Vanja Sisirak, Benjamin Sally, Wilnelly Martinez-Ortiz, Özçakar Birsin, Joseph David, Ali Rashidfarrokhi, Ada Yeste, Casandra Panea, Asiya Seema, Milena Bogunovic, Ivaylo Ivanov, Francisco Quintana, Inaki Sanz, Keith Elkon, Mustafa Tekin, Fatoş Yalçınkaya, Timothy Cardozo, Robert Clancy, Jill Buyon, Boris Reizis
307533	1648890	['Radhika Subramanian', 'Shih-Chieh Ti', 'Lei Tan', 'Seth\xa0A. Darst', 'Tarun\xa0M. Kapoor']	Cell	article	10.1016/j.cell.2013.06.021	2.5	2013-01-01T00:00:00+00:00	2013	1	4	1	0	0.8	0.2	0	5	female	0.96	male	0.68	lastfirst	Radhika Subramanian, Shih-Chieh Ti, Lei Tan, Seth Darst, Tarun Kapoor
308666	905248	['Eran Hodis', 'Ian\xa0R. Watson', 'Gregory\xa0V. Kryukov', 'Stefan\xa0T. Arold', 'Marcin Imielinski', 'Jean-Philippe Theurillat', 'Elizabeth Nickerson', 'Daniel Auclair', 'Liren Li', 'Chelsea Place', 'Daniel DiCara', 'Alex\xa0H. Ramos', 'Michael\xa0S. Lawrence', 'Kristian Cibulskis', 'Andrey Sivachenko', 'Douglas Voet', 'Gordon Saksena', 'Nicolas Stransky', 'Robert\xa0C. Onofrio', 'Wendy Winckler', 'Kristin Ardlie', 'Nikhil Wagle', 'Jennifer Wargo', 'Kelly Chong', 'Donald\xa0L. Morton', 'Katherine Stemke-Hale', 'Guo Chen', 'Michael Noble', 'Matthew Meyerson', 'John\xa0E. Ladbury', 'Michael\xa0A. Davies', 'Jeffrey\xa0E. Gershenwald', 'Stephan\xa0N. Wagner', 'Dave\xa0S.B. Hoon', 'Dirk Schadendorf', 'Eric\xa0S. Lander', 'Stacey\xa0B. Gabriel', 'Gad Getz', 'Levi\xa0A. Garraway', 'Lynda Chin', 'Hodis E', 'Watson IR', 'Kryukov GV', 'Arold ST', 'Imielinski M', 'Theurillat JP', 'Nickerson E', 'Auclair D', 'Li L', 'Place C', 'Dicara D', 'Ramos AH', 'Lawrence MS', 'Cibulskis K', 'Sivachenko A', 'Voet D', 'Saksena G', 'Stransky N', 'Onofrio RC', 'Winckler W', 'Ardlie K', 'Wagle N', 'Wargo J', 'Chong K', 'Morton DL', 'Stemke-Hale K', 'Chen G', 'Noble M', 'Meyerson M', 'Ladbury JE', 'Davies MA', 'Gershenwald JE', 'Wagner SN', 'Hoon DS', 'Schadendorf D', 'Lander ES', 'Gabriel SB', 'Getz G', 'Garraway LA', 'Chin L']	Cell	article	10.1016/j.cell.2012.06.024	54.688	2012-01-01T00:00:00+00:00	2012	1	30	10	0	0.75	0.25	0	40	male	0.97	female	0.98	firstlast	Eran Hodis, Ian Watson, Gregory Kryukov, Stefan Arold, Marcin Imielinski, Jean-Philippe Theurillat, Elizabeth Nickerson, Daniel Auclair, Liren Li, Chelsea Place, Daniel DiCara, Alex Ramos, Michael Lawrence, Kristian Cibulskis, Andrey Sivachenko, Douglas Voet, Gordon Saksena, Nicolas Stransky, Robert Onofrio, Wendy Winckler, Kristin Ardlie, Nikhil Wagle, Jennifer Wargo, Kelly Chong, Donald Morton, Katherine Stemke-Hale, Guo Chen, Michael Noble, Matthew Meyerson, John Ladbury, Michael Davies, Jeffrey Gershenwald, Stephan Wagner, Dave Hoon, Dirk Schadendorf, Eric Lander, Stacey Gabriel, Gad Getz, Levi Garraway, Lynda Chin
308882	2158233	['Han J', 'Zhang H', 'Wang Z', 'Zhou H', 'Zhang Z', 'Junhong Han', 'Hui Zhang', 'Honglian Zhang', 'Zhiquan Wang', 'Hui Zhou', 'Zhiguo Zhang']	Cell	article	10.1016/j.cell.2013.10.014	4	2013-11-13T00:00:00+00:00	2013	11	3	1	0	0.75	0.25	0	4	male	0.73	male	0.6	firstlast	Han Junhong, Wang Zhiquan, Zhou Hui, Zhang Zhang
312787	208718	['Suzuki A', 'Stern SA', 'Bozdagi O', 'Huntley GW', 'Walker RH', 'Magistretti PJ', 'Alberini CM', 'Akinobu Suzuki', 'Sarah\xa0A. Stern', 'Ozlem Bozdagi', 'George\xa0W. Huntley', 'Ruth\xa0H. Walker', 'Pierre\xa0J. Magistretti', 'Cristina\xa0M. Alberini']	Cell	article	10.1016/j.cell.2011.02.018	26.952	2011-03-04T00:00:00+00:00	2011	3	3	4	0	0.428571428571429	0.571428571428571	0	7	male	0.78	female	0.99	lastfirst	Suzuki Akinobu, Stern Sarah, Bozdagi Ozlem, Huntley George, Walker Ruth, Magistretti Pierre, Alberini Cristina
317807	1763766	['Tony Hunter']	Cell	article	10.1016/j.cell.2012.03.013	2	2012-03-01T00:00:00+00:00	2012	3	1	0	0	1	0	0	1	male	0.98	male	0.98	firstlast	Tony Hunter
318503	6532229	['Aakanksha Singhvi', 'Bingqian Liu', 'Christine\xa0J. Friedman', 'Jennifer Fong', 'Yun Lu', 'Xin-Yun Huang', 'Shai Shaham']	Cell	article	10.1016/j.cell.2016.03.026	41.838	2016-04-07T00:00:00+00:00	2016	4	2	4	1	0.285714285714286	0.571428571428571	0.142857142857143	7			male	0.7	firstlast	Aakanksha Singhvi, Bingqian Liu, Christine Friedman, Jennifer Fong, Yun Lu, Xin-Yun Huang, Shai Shaham
320228	3546661	['Tang Z', 'Dai S', 'He Y', 'Doty RA', 'Shultz LD', 'Sampson SB', 'Dai C', 'Zijian Tang', 'Siyuan Dai', 'Yishu He', 'Rosalinda\xa0A. Doty', 'Leonard\xa0D. Shultz', 'Stephen\xa0Byers Sampson', 'Chengkai Dai']	Cell	article	10.1016/j.cell.2015.01.028	6.45	2015-12-02T00:00:00+00:00	2015	12	6	1	0	0.857142857142857	0.142857142857143	0	7	male	0.62	male	0.73	firstlast	Tang Zijian, Dai Siyuan, He Yishu, Doty Rosalinda, Shultz Leonard, Sampson Stephen, Dai Chengkai
322402	15417386	['Chia-Hsueh Lee', 'Roderick MacKinnon', 'Lee, Chia-Hsueh', 'MacKinnon, Roderick']	Cell	article	10.1016/j.cell.2016.12.023	19.6	2017-01-12T00:00:00+00:00	2017	1	2	0	0	1	0	0	2	male	0.8	male	0.99	firstlast	Chia-Hsueh Lee, Roderick MacKinnon
330143	591996	['Amita Sehgal']	Cell	article	10.1016/j.cell.2011.12.024	12.796	2012-02-02T00:00:00+00:00	2012	2	0	1	0	0	1	0	1	female	0.91	female	0.91	firstlast	Amita Sehgal
339823	3417056	['Zhang, Chun Li', 'McKinsey, Timothy A', 'Chang, Shurong', 'Antos, Christopher L', 'Hill, Joseph A', 'Olson, Eric N', 'Chun Li Zhang', 'Timothy A. McKinsey', 'Shurong Chang', 'Christopher L. Antos', 'Joseph A. Hill', 'Eric N. Olson']	Cell	article	10.1016/s0092-8674(02)00861-9	9	2016-11-09T18:11:21+00:00	2016	11	6	0	0	1	0	0	6	male	0.84	male	0.99	lastfirst	Zhang Chun, McKinsey Timothy, Chang Shurong, Antos Christopher, Hill Joseph, Olson Eric
341334	3996362	['Ma, Dengke K', 'Li, Zhijie', 'Lu, Alice Y', 'Sun, Fang', 'Chen, Sidi', 'Rothe, Michael', 'Menzel, Ralph', 'Sun, Fei', 'Horvitz, H Robert']	Cell	article	10.1016/j.cell.2015.04.026	4.75	2015-05-20T14:18:02+00:00	2015	5	3	5	1	0.333333333333333	0.555555555555556	0.111111111111111	9	female	0.83			firstlast	Ma Dengke, Li Zhijie, Lu Alice, Sun Fang, Chen Sidi, Rothe Michael, Menzel Ralph, Sun Fei, Horvitz Robert
353336	3935735	['Maruyama, Daisuke', 'Völz, Ronny', 'Takeuchi, Hidenori', 'Mori, Toshiyuki', 'Igawa, Tomoko', 'Kurihara, Daisuke', 'Kawashima, Tomokazu', 'Ueda, Minako', 'Ito, Masaki', 'Umeda, Masaaki', 'Nishikawa, Shuh-Ichi', 'Groß-Hardt, Rita', 'Higashiyama, Tetsuya']	Cell	article	10.1016/j.cell.2015.03.018	64.6	2015-04-29T22:06:48+00:00	2015	4	10	3	0	0.769230769230769	0.230769230769231	0	13	male	1	male	1	lastfirst	Maruyama Daisuke, Völz Ronny, Takeuchi Hidenori, Mori Toshiyuki, Igawa Tomoko, Kurihara Daisuke, Kawashima Tomokazu, Ueda Minako, Ito Masaki, Umeda Masaaki, Nishikawa Shuh-Ichi, Groß-Hardt Rita, Higashiyama Tetsuya
365480	29686125	['Stern, Shay', 'Kirst, Christoph', 'Bargmann, Cornelia I.', 'Shay Stern', 'Christoph Kirst', 'Cornelia I. Bargmann']	Cell	article	10.1016/j.cell.2017.10.041	115.526	2017-11-01T00:00:00+00:00	2017	11	1	2	0	0.333333333333333	0.666666666666667	0	3	male	0.68	female	0.98	lastfirst	Stern Shay, Kirst Christoph, Bargmann Cornelia
368626	6157375	['Thomas Stoeger', 'Nico Battich', 'Lucas Pelkmans', 'Stoeger, Thomas', 'Battich, Nico', 'Pelkmans, Lucas']	Cell	article	10.1016/j.cell.2016.02.005	2.6	2016-03-10T00:00:00+00:00	2016	3	3	0	0	1	0	0	3	male	0.99	male	0.98	firstlast	Thomas Stoeger, Nico Battich, Lucas Pelkmans
369924	2052947	"['Galvez T', 'Gilleron J', 'Zerial M', """"O'Sullivan GA"""", 'Thierry Galvez', 'Jérôme Gilleron', 'Marino Zerial', """"Gregory A. O'Sullivan""""]"	Cell	article	10.1016/j.cell.2012.09.013	7.524	2012-10-03T00:00:00+00:00	2012	10	4	0	0	1	0	0	4	male	0.99	male	0.98	lastfirst	Galvez Thierry, Gilleron Jérôme, Zerial Marino, Gregory O'Sullivan
370243	4994016	['Kim, Hoseok', 'Ährlund-Richter, Sofie', 'Wang, Xinming', 'Deisseroth, Karl', 'Carlén, Marie', 'Hoseok Kim', 'Sofie Ährlund-Richter', 'Xinming Wang', 'Karl Deisseroth', 'Marie Carlén']	Cell	article	10.1016/j.cell.2015.11.038	134.832	2016-01-16T22:00:20+00:00	2016	1	1	2	2	0.2	0.4	0.4	5	female	0.56			firstlast	Kim Hoseok, Ährlund-Richter Sofie, Wang Xinming, Deisseroth Karl, Carlén Marie
370378	29012971	['Cleary, Brian', 'Cong, Le', 'Cheung, Anthea', 'Lander, Eric S.', 'Regev, Aviv', 'Brian Cleary', 'Le Cong', 'Anthea Cheung', 'Eric S. Lander', 'Aviv Regev']	Cell	article	10.1016/j.cell.2017.10.023	61.45	2017-11-01T00:00:00+00:00	2017	11	4	1	0	0.8	0.2	0	5	male	0.99	male	0.94	lastfirst	Cleary Brian, Cong Le, Cheung Anthea, Lander Eric, Regev Aviv
371434	6532244	['Sophie Petropoulos', 'Daniel Edsgärd', 'Björn Reinius', 'Qiaolin Deng', 'Sarita\xa0Pauliina Panula', 'Simone Codeluppi', 'Alvaro Plaza\xa0Reyes', 'Sten Linnarsson', 'Rickard Sandberg', 'Fredrik Lanner', 'Petropoulos, Sophie', 'Edsgärd, Daniel', 'Reinius, Björn', 'Deng, Qiaolin', 'Panula, Sarita Pauliina', 'Codeluppi, Simone', 'Plaza Reyes, Alvaro', 'Linnarsson, Sten', 'Sandberg, Rickard', 'Lanner, Fredrik']	Cell	article	10.1016/j.cell.2016.03.023	187.596	2016-04-07T00:00:00+00:00	2016	4	7	3	0	0.7	0.3	0	10	female	0.98	male	0.99	firstlast	Sophie Petropoulos, Daniel Edsgärd, Björn Reinius, Qiaolin Deng, Sarita Pauliina, Simone Codeluppi, Alvaro Plaza, Sten Linnarsson, Rickard Sandberg, Fredrik Lanner
374898	26412155	['Freeman Rosenzweig, Elizabeth S.', 'Xu, Bin', 'Kuhn Cuellar, Luis', 'Martinez-Sanchez, Antonio', 'Schaffer, Miroslava', 'Strauss, Mike', 'Cartwright, Heather N.', 'Ronceray, Pierre', 'Plitzko, Jürgen M.', 'Förster, Friedrich', 'Wingreen, Ned S.', 'Engel, Benjamin D.', 'Mackinder, Luke C.M.', 'Jonikas, Martin C.', 'Elizabeth S. Freeman Rosenzweig', 'Bin Xu', 'Luis Kuhn Cuellar', 'Antonio Martinez-Sanchez', 'Miroslava Schaffer', 'Mike Strauss', 'Heather N. Cartwright', 'Pierre Ronceray', 'Jürgen M. Plitzko', 'Friedrich Förster', 'Ned S. Wingreen', 'Benjamin D. Engel', 'Luke C.M. Mackinder', 'Martin C. Jonikas']	Cell	article	10.1016/j.cell.2017.08.008	136.396	2017-09-01T00:00:00+00:00	2017	9	8	2	4	0.571428571428571	0.142857142857143	0.285714285714286	14	male	0.99	male	1	firstlast	Freeman Rosenzweig, Xu Bin, Kuhn Cuellar, Martinez-Sanchez Antonio, Schaffer Miroslava, Strauss Mike, Cartwright Heather, Ronceray Pierre, Plitzko Jürgen, Förster Friedrich, Wingreen Ned, Engel Benjamin, Mackinder Luke, Jonikas Martin
375542	2558179	['Nair-Gupta P', 'Baccarini A', 'Tung N', 'Seyffer F', 'Florey O', 'Huang Y', 'Banerjee M', 'Overholtzer M', 'Roche PA', 'Tampé R', 'Brown BD', 'Amsen D', 'Whiteheart SW', 'Blander JM', 'Priyanka Nair-Gupta', 'Alessia Baccarini', 'Navpreet Tung', 'Fabian Seyffer', 'Oliver Florey', 'Yunjie Huang', 'Meenakshi Banerjee', 'Michael Overholtzer', 'Paul\xa0A. Roche', 'Robert Tampé', 'Brian\xa0D. Brown', 'Derk Amsen', 'Sidney\xa0W. Whiteheart', 'J.\xa0Magarian Blander']	Cell	article	10.1016/j.cell.2014.04.054	4	2014-07-30T23:00:00+00:00	2014	7	9	4	1	0.642857142857143	0.285714285714286	0.0714285714285714	14	female	0.98			lastfirst	Nair-Gupta Priyanka, Baccarini Alessia, Tung Navpreet, Seyffer Fabian, Florey Oliver, Huang Yunjie, Banerjee Meenakshi, Overholtzer Michael, Roche Paul, Tampé Robert, Brown Brian, Amsen Derk, Whiteheart Sidney, Blander J
377937	1394826	['Joseph\xa0A. Marsh', 'Helena Hernández', 'Zoe Hall', 'Sebastian\xa0E. Ahnert', 'Tina Perica', 'Carol\xa0V. Robinson', 'Sarah\xa0A. Teichmann', 'Marsh JA', 'Hernández H', 'Hall Z', 'Ahnert SE', 'Perica T', 'Robinson CV', 'Teichmann SA']	Cell	article	10.1016/j.cell.2013.02.044	20.22	2013-01-01T00:00:00+00:00	2013	1	2	5	0	0.285714285714286	0.714285714285714	0	7	male	0.99	female	0.98	firstlast	Joseph Marsh, Helena Hernández, Zoe Hall, Sebastian Ahnert, Tina Perica, Carol Robinson, Sarah Teichmann
382040	21424443	['Beumer, Joep', 'Clevers, Hans', 'Joep Beumer', 'Hans Clevers']	Cell	article	10.1016/j.cell.2017.06.023	17.65	2017-06-01T00:00:00+00:00	2017	6	2	0	0	1	0	0	2	male	0.96	male	0.97	lastfirst	Beumer Joep, Clevers Hans
383974	540038	['Olzscha H', 'Schermann SM', 'Woerner AC', 'Pinkert S', 'Hecht MH', 'Tartaglia GG', 'Vendruscolo M', 'Hayer-Hartl M', 'Hartl FU', 'Vabulas RM', 'Heidi Olzscha', 'Sonya M. Schermann', 'Andreas C. Woerner', 'Stefan Pinkert', 'Michael H. Hecht', 'Gian G. Tartaglia', 'Michele Vendruscolo', 'Manajit Hayer-Hartl', 'F. Ulrich Hartl', 'R. Martin Vabulas']	Cell	article	10.1016/j.cell.2010.11.050	8	2011-01-11T00:00:00+00:00	2011	1	5	2	3	0.5	0.2	0.3	10	female	0.97			lastfirst	Olzscha Heidi, Schermann Sonya, Woerner Andreas, Stefan Pinkert, Hecht Michael, Tartaglia Gian, Vendruscolo Michele, Hayer-Hartl Manajit, Hartl F, Vabulas R
399710	3299965	['Lehrman, M A', 'Goldstein, J L', 'Russell, D W', 'Brown, M S', 'Mark A. Lehrman', 'Joseph L. Goldstein', 'David W. Russell', 'Michael S. Brown']	Cell	article	10.1016/0092-8674(87)90079-1	6	2015-06-07T07:46:46+00:00	2015	6	4	0	0	1	0	0	4	male	0.99	male	0.99	lastfirst	Lehrman Mark, Goldstein Joseph, Russell David, Brown Michael
405879	8287868	['Erika\xa0K. Williams', 'Rui\xa0B. Chang', 'David\xa0E. Strochlic', 'Benjamin\xa0D. Umans', 'Bradford\xa0B. Lowell', 'Stephen\xa0D. Liberles', 'Williams, Erika K', 'Chang, Rui B', 'Strochlic, David E', 'Umans, Benjamin D', 'Lowell, Bradford B', 'Liberles, Stephen D', 'Williams EK', 'Chang RB', 'Strochlic DE', 'Umans BD', 'Lowell BB', 'Liberles SD', 'Erika K. Williams', 'Rui B. Chang', 'David E. Strochlic', 'Benjamin D. Umans', 'Bradford B. Lowell', 'Stephen D. Liberles']	Cell	article	10.1016/j.cell.2016.05.011	91.246	2016-05-26T00:00:00+00:00	2016	5	5	1	0	0.833333333333333	0.166666666666667	0	6	female	0.99	male	0.99	firstlast	Erika Williams, Rui Chang, David Strochlic, Benjamin Umans, Bradford Lowell, Stephen Liberles
406134	35580362	['Yao-Qing Chen', 'Teddy John Wohlbold', 'Nai-Ying Zheng', 'Min Huang', 'Yunping Huang', 'Karlynn E. Neu', 'Jiwon Lee', 'Hongquan Wan', 'Karla Thatcher Rojas', 'Ericka Kirkpatrick', 'Carole Henry', 'Anna-Karin E. Palm', 'Christopher T. Stamper', 'Linda Yu-Ling Lan', 'David J. Topham', 'John Treanor', 'Jens Wrammert', 'Rafi Ahmed', 'Maryna C. Eichelberger', 'George Georgiou', 'Florian Krammer', 'Patrick C. Wilson']	Cell	article	10.1016/j.cell.2018.03.030	174.13	2018-04-01T00:00:00+00:00	2018	4	19	2	1	0.863636363636364	0.0909090909090909	0.0454545454545455	22	male	0.62	male	0.98	lastfirst	Yao-Qing Chen, Teddy John, Nai-Ying Zheng, Min Huang, Yunping Huang, Karlynn Neu, Jiwon Lee, Hongquan Wan, Karla Thatcher, Ericka Kirkpatrick, Carole Henry, Anna-Karin Palm, Christopher Stamper, Linda Yu-Ling, David Topham, John Treanor, Jens Wrammert, Rafi Ahmed, Maryna Eichelberger, George Georgiou, Florian Krammer, Patrick Wilson
414225	1692435	['Kathrin Thedieck', 'Birgit Holzwarth', 'Mirja\xa0Tamara Prentzell', 'Christopher Boehlke', 'Kathrin Kläsener', 'Stefanie Ruf', 'Annika\xa0Gwendolin Sonntag', 'Lars Maerz', 'Sushma-Nagaraja Grellscheid', 'Elisabeth Kremmer', 'Roland Nitschke', 'E.\xa0Wolfgang Kuehn', 'Johan\xa0W. Jonker', 'Albert\xa0K. Groen', 'Michael Reth', 'Michael\xa0N. Hall', 'Ralf Baumeister', 'Thedieck K', 'Holzwarth B', 'Prentzell MT', 'Boehlke C', 'Kläsener K', 'Ruf S', 'Sonntag AG', 'Maerz L', 'Grellscheid SN', 'Kremmer E', 'Nitschke R', 'Kuehn EW', 'Jonker JW', 'Groen AK', 'Reth M', 'Hall MN', 'Baumeister R']	Cell	article	10.1016/j.cell.2013.07.031	31.7	2013-01-01T00:00:00+00:00	2013	1	9	7	4	0.45	0.35	0.2	20	female	0.95			firstlast	Mirja Tamara, Annika Gwendolin, E Wolfgang, Kathrin Thedieck, Birgit Holzwarth, Prentzell M, Christopher Boehlke, Kathrin Kläsener, Stefanie Ruf, Sonntag A, Lars Maerz, Sushma-Nagaraja Grellscheid, Elisabeth Kremmer, Roland Nitschke, Kuehn E, Johan Jonker, Albert Groen, Michael Reth, Michael Hall, Ralf Baumeister
416137	661767	['Helen\xa0R. Saibil', 'Daniel\xa0K. Clare', 'Daven Vasishtan', 'Scott Stagg', 'Joel Quispe', 'George\xa0W. Farr', 'Maya Topf', 'Arthur\xa0L. Horwich']	Cell	article	10.1016/j.cell.2012.02.047	2.6	2012-03-22T00:00:00+00:00	2012	3	6	2	0	0.75	0.25	0	8	female	0.98	male	0.99	firstlast	Helen Saibil, Daniel Clare, Daven Vasishtan, Scott Stagg, Joel Quispe, George Farr, Maya Topf, Arthur Horwich
424385	6004786	['Krishnaraj Rajalingam', 'Ivan Dikic', 'Rajalingam, Krishnaraj', 'Dikic, Ivan']	Cell	article	10.1016/j.cell.2016.02.019	1.85	2016-02-25T00:00:00+00:00	2016	2	1	0	1	0.5	0	0.5	2			male	0.99	firstlast	Krishnaraj Rajalingam, Ivan Dikic
439247	4889844	['Osso, Lindsay A', 'Chan, Jonah R']	Cell	article	10.1016/j.cell.2015.12.001	2.75	2015-12-22T11:51:27+00:00	2015	12	2	0	0	1	0	0	2	male	0.95	male	0.76	firstlast	Osso Lindsay, Chan Jonah
440297	1922875	['Christian Praetorius', 'Christine Grill', 'Simon\xa0N. Stacey', 'Alexander\xa0M. Metcalf', 'David\xa0U. Gorkin', 'Kathleen\xa0C. Robinson', 'Eric Van\xa0Otterloo', 'Reuben\xa0S.Q. Kim', 'Kristin Bergsteinsdottir', 'Margret\xa0H. Ogmundsdottir', 'Erna Magnusdottir', 'Pravin\xa0J. Mishra', 'Sean\xa0R. Davis', 'Theresa Guo', 'M.\xa0Raza Zaidi', 'Agnar\xa0S. Helgason', 'Martin\xa0I. Sigurdsson', 'Paul\xa0S. Meltzer', 'Glenn Merlino', 'Valerie Petit', 'Lionel Larue', 'Stacie\xa0K. Loftus', 'David\xa0R. Adams', 'Ulduz Sobhiafshar', 'N.C.\xa0Tolga Emre', 'William\xa0J. Pavan', 'Robert Cornell', 'Aaron\xa0G. Smith', 'Andrew\xa0S. McCallion', 'David\xa0E. Fisher', 'Kari Stefansson', 'Richard\xa0A. Sturm', 'Eirikur Steingrimsson', 'Praetorius C', 'Grill C', 'Stacey SN', 'Metcalf AM', 'Gorkin DU', 'Robinson KC', 'Van Otterloo E', 'Kim RS', 'Bergsteinsdottir K', 'Ogmundsdottir MH', 'Magnusdottir E', 'Mishra PJ', 'Davis SR', 'Guo T', 'Zaidi MR', 'Helgason AS', 'Sigurdsson MI', 'Meltzer PS', 'Merlino G', 'Petit V', 'Larue L', 'Loftus SK', 'Adams DR', 'Sobhiafshar U', 'Emre NC', 'Pavan WJ', 'Cornell R', 'Smith AG', 'McCallion AS', 'Fisher DE', 'Stefansson K', 'Sturm RA', 'Steingrimsson E']	Cell	article	10.1016/j.cell.2013.10.022	126.224	2013-01-01T00:00:00+00:00	2013	1	1	0	34	0.0285714285714286	0	0.971428571428571	35					nofirstname	M Raza, N Tolga, Christian Praetorius, Christine Grill, Simon Stacey, Alexander Metcalf, David Gorkin, Kathleen Robinson, Eric Van, Reuben Kim, Kristin Bergsteinsdottir, Margret Ogmundsdottir, Erna Magnusdottir, Pravin Mishra, Sean Davis, Theresa Guo, Zaidi M, Agnar Helgason, Martin Sigurdsson, Paul Meltzer, Glenn Merlino, Valerie Petit, Lionel Larue, Stacie Loftus, David Adams, Ulduz Sobhiafshar, Emre N, William Pavan, Robert Cornell, Aaron Smith, Andrew McCallion, David Fisher, Kari Stefansson, Richard Sturm, Eirikur Steingrimsson
441672	1461209	['Jamie\xa0A. Hackett', 'M.\xa0Azim Surani', 'Hackett JA', 'Surani MA', 'Jamie A. Hackett', 'M. Azim Surani']	Cell	article	10.1016/j.cell.2013.04.044	2.25	2013-05-01T00:00:00+00:00	2013	5	1	0	2	0.333333333333333	0	0.666666666666667	3					nofirstname	Surani M, Jamie Hackett, M Azim
441918	9719800	['Zhang, Juen', 'Tan, Lubin', 'Ren, Yuqi', 'Liang, Jingwen', 'Lin, Rui', 'Feng, Qiru', 'Zhou, Jingfeng', 'Hu, Fei', 'Ren, Jing', 'Wei, Chao', 'Yu, Tao', 'Zhuang, Yinghua', 'Bettler, Bernhard', 'Wang, Fengchao', 'Luo, Minmin', 'Juen Zhang', 'Lubin Tan', 'Yuqi Ren', 'Jingwen Liang', 'Rui Lin', 'Qiru Feng', 'Jingfeng Zhou', 'Fei Hu', 'Jing Ren', 'Chao Wei', 'Tao Yu', 'Yinghua Zhuang', 'Bernhard Bettler', 'Fengchao Wang', 'Minmin Luo']	Cell	article	10.1016/j.cell.2016.06.026	11.5	2016-07-19T22:53:34+00:00	2016	7	14	1	0	0.933333333333333	0.0666666666666667	0	15	male	0.6	male	0.59	firstlast	Zhang Juen, Tan Lubin, Ren Yuqi, Liang Jingwen, Lin Rui, Feng Qiru, Zhou Jingfeng, Hu Fei, Ren Jing, Wei Chao, Yu Tao, Zhuang Yinghua, Bettler Bernhard, Wang Fengchao, Luo Minmin
442092	406293	['AndrewÂ\xa0G. Bowie']	Cell	article	10.1016/j.cell.2011.09.027	2	2011-01-01T00:00:00+00:00	2011	1	1	0	0	1	0	0	1	male	0.56	male	0.56	lastfirst	AndrewÂ Bowie
454863	694953	['Andrew\xa0C. Oates']	Cell	article	10.1016/j.cell.2012.03.024	0.25	2012-01-01T00:00:00+00:00	2012	1	1	0	0	1	0	0	1	male	0.99	male	0.99	firstlast	Andrew Oates
457603	26411008	['Shorter, James', 'James Shorter']	Cell	article	10.1016/j.cell.2017.09.010	4.45	2017-09-01T00:00:00+00:00	2017	9	1	0	0	1	0	0	1	male	0.99	male	0.99	lastfirst	Shorter James
461858	588488	['Steven\xa0A. Kliewer', 'Paul\xa0A. Dutchak', 'Takeshi Katafuchi', 'Angie\xa0L. Bookout', 'Jang\xa0Hyun Choi', 'Ruth\xa0T. Yu', 'David\xa0J. Mangelsdorf']	Cell	article	10.1016/j.cell.2011.11.062	17.45	2012-01-01T00:00:00+00:00	2012	1	5	2	0	0.714285714285714	0.285714285714286	0	7	male	0.99	male	0.99	firstlast	Steven Kliewer, Paul Dutchak, Takeshi Katafuchi, Angie Bookout, Jang Hyun, Ruth Yu, David Mangelsdorf
479820	7057777	['Carsten Merkwirth', 'Virginija Jovaisaite', 'Jenni Durieux', 'Olli Matilainen', 'Sabine\xa0D. Jordan', 'Pedro\xa0M. Quiros', 'Kristan\xa0K. Steffen', 'Evan\xa0G. Williams', 'Laurent Mouchiroud', 'Sarah\xa0U. Tronnes', 'Virginia Murillo', 'Suzanne\xa0C. Wolff', 'Reuben\xa0J. Shaw', 'Johan Auwerx', 'Andrew Dillin', 'Merkwirth, Carsten', 'Jovaisaite, Virginija', 'Durieux, Jenni', 'Matilainen, Olli', 'Jordan, Sabine D', 'Quiros, Pedro M', 'Steffen, Kristan K', 'Williams, Evan G', 'Mouchiroud, Laurent', 'Tronnes, Sarah U', 'Murillo, Virginia', 'Wolff, Suzanne C', 'Shaw, Reuben J', 'Auwerx, Johan', 'Dillin, Andrew']	Cell	article	10.1016/j.cell.2016.04.012	109.1	2016-04-28T00:00:00+00:00	2016	4	9	6	0	0.6	0.4	0	15	male	1	male	0.99	firstlast	Carsten Merkwirth, Virginija Jovaisaite, Jenni Durieux, Olli Matilainen, Sabine Jordan, Pedro Quiros, Kristan Steffen, Evan Williams, Laurent Mouchiroud, Sarah Tronnes, Virginia Murillo, Suzanne Wolff, Reuben Shaw, Johan Auwerx, Andrew Dillin
480592	19236353	['Riga Tawo', 'Wojciech Pokrzywa', 'Éva Kevei', 'Melek E. Akyuz', 'Vishnu Balaji', 'Svenja Adrian', 'Jörg Höhfeld', 'Thorsten Hoppe']	Cell	article	10.1016/j.cell.2017.04.003	132.65	2017-04-01T00:00:00+00:00	2017	4	5	2	1	0.625	0.25	0.125	8	male	0.68	male	1	firstlast	Riga Tawo, Wojciech Pokrzywa, Éva Kevei, Melek Akyuz, Vishnu Balaji, Svenja Adrian, Jörg Höhfeld, Thorsten Hoppe
486512	21868163	['Diana Crow', 'Crow, Diana']	Cell	article	10.1016/j.cell.2017.06.043	15.35	2017-07-13T00:00:00+00:00	2017	7	0	1	0	0	1	0	1	female	0.98	female	0.98	firstlast	Diana Crow
486721	673977	['Robert\xa0J. Coffey', 'Powell AE', 'Wang Y', 'Li Y', 'Poulin EJ', 'Means AL', 'Washington MK', 'Higginbotham JN', 'Juchheim A', 'Prasad N', 'Levy SE', 'Guo Y', 'Shyr Y', 'Aronow BJ', 'Haigis KM', 'Franklin JL', 'Coffey RJ', 'Anne\xa0E. Powell', 'Yang Wang', 'Yina Li', 'Emily\xa0J. Poulin', 'Anna\xa0L. Means', 'Mary\xa0K. Washington', 'James\xa0N. Higginbotham', 'Alwin Juchheim', 'Nripesh Prasad', 'Shawn\xa0E. Levy', 'Yan Guo', 'Yu Shyr', 'Bruce\xa0J. Aronow', 'Kevin\xa0M. Haigis', 'Jeffrey\xa0L. Franklin']	Cell	article	10.1016/j.cell.2012.02.042	6	2012-01-01T00:00:00+00:00	2012	1	8	3	5	0.5	0.1875	0.3125	16	male	0.99	male	0.98	firstlast	Robert Coffey, Powell Anne, Wang Yang, Li Yina, Poulin Emily, Means Anna, Washington Mary, Higginbotham James, Juchheim Alwin, Prasad Nripesh, Levy Shawn, Guo Yan, Shyr Yu, Aronow Bruce, Haigis Kevin, Franklin Jeffrey
487593	1136268	['Becky\xa0P. Tsai', 'Nate\xa0P. Hoverter', 'Marian\xa0L. Waterman', 'Tsai BP', 'Hoverter NP', 'Waterman ML']	Cell	article	10.1016/j.cell.2012.12.007	2.75	2012-12-01T00:00:00+00:00	2012	12	2	1	0	0.666666666666667	0.333333333333333	0	3	female	0.97	male	0.62	firstlast	Becky Tsai, Nate Hoverter, Marian Waterman
493239	6004082	['Ann-Jay Tong', 'Xin Liu', 'Brandon\xa0J. Thomas', 'Michelle\xa0M. Lissner', 'Mairead\xa0R. Baker', 'Madhavi\xa0D. Senagolage', 'Amanda\xa0L. Allred', 'Grant\xa0D. Barish', 'Stephen\xa0T. Smale', 'Tong, Ann-Jay', 'Liu, Xin', 'Thomas, Brandon J', 'Lissner, Michelle M', 'Baker, Mairead R', 'Senagolage, Madhavi D', 'Allred, Amanda L', 'Barish, Grant D', 'Smale, Stephen T', 'Brandon J. Thomas', 'Michelle M. Lissner', 'Mairead R. Baker', 'Madhavi D. Senagolage', 'Amanda L. Allred', 'Grant D. Barish', 'Stephen T. Smale']	Cell	article	10.1016/j.cell.2016.01.020	8.6	2016-02-01T00:00:00+00:00	2016	2	4	5	0	0.444444444444444	0.555555555555556	0	9	female	0.97	male	0.99	firstlast	Ann-Jay Tong, Xin Liu, Brandon Thomas, Michelle Lissner, Mairead Baker, Madhavi Senagolage, Amanda Allred, Grant Barish, Stephen Smale
494900	19263466	['Michael G. Dieterle', 'Vincent B. Young']	Cell	article	10.1016/j.cell.2017.03.039	12.05	2017-04-01T00:00:00+00:00	2017	4	2	0	0	1	0	0	2	male	0.99	male	0.99	firstlast	Michael Dieterle, Vincent Young
496624	618999	['Susumu Tonegawa', 'Nakashiba T', 'Cushman JD', 'Pelkey KA', 'Renaudineau S', 'Buhl DL', 'McHugh TJ', 'Barrera VR', 'Chittajallu R', 'Iwamoto KS', 'McBain CJ', 'Fanselow MS', 'Tonegawa S', 'Toshiaki Nakashiba', 'Jesse\xa0D. Cushman', 'Kenneth\xa0A. Pelkey', 'Sophie Renaudineau', 'Derek\xa0L. Buhl', 'Thomas\xa0J. McHugh', 'Vanessa\xa0Rodriguez Barrera', 'Ramesh Chittajallu', 'Keisuke\xa0S. Iwamoto', 'Chris\xa0J. McBain', 'Michael\xa0S. Fanselow']	Cell	article	10.1016/j.cell.2012.01.046	54.012	2012-02-23T00:00:00+00:00	2012	2	10	2	0	0.833333333333333	0.166666666666667	0	12	male	1	male	0.99	lastfirst	Susumu Tonegawa, Nakashiba Toshiaki, Cushman Jesse, Pelkey Kenneth, Renaudineau Sophie, Buhl Derek, McHugh Thomas, Barrera Vanessa, Chittajallu Ramesh, Iwamoto Keisuke, McBain Chris, Fanselow Michael
497722	672539	['Amato\xa0J. Giaccia', 'Rankin EB', 'Wu C', 'Khatri R', 'Wilson TL', 'Andersen R', 'Araldi E', 'Rankin AL', 'Yuan J', 'Kuo CJ', 'Schipani E', 'Giaccia AJ', 'Erinn\xa0B. Rankin', 'Colleen Wu', 'Richa Khatri', 'Tremika\xa0L.S. Wilson', 'Rebecca Andersen', 'Elisa Araldi', 'Andrew\xa0L. Rankin', 'Jenny Yuan', 'Calvin\xa0J. Kuo', 'Ernestina Schipani']	Cell	article	10.1016/j.cell.2012.01.051	5.5	2012-01-01T00:00:00+00:00	2012	1	9	2	1	0.75	0.166666666666667	0.0833333333333333	12	male	0.93	female	0.5	firstlast	Andersen Rankin, Amato Giaccia, Rankin Erinn, Wu Colleen, Khatri Richa, Wilson Tremika, Rebecca Andersen, Araldi Elisa, Andrew Rankin, Yuan Jenny, Kuo Calvin, Schipani Ernestina
501943	23564958	['Waring Trible', 'Leonora Olivos-Cisneros', 'Sean K. McKenzie', 'Jonathan Saragosti', 'Ni-Chen Chang', 'Benjamin J. Matthews', 'Peter R. Oxley', 'Daniel J.C. Kronauer', 'Trible, Waring', 'Olivos-Cisneros, Leonora', 'McKenzie, Sean K.', 'Saragosti, Jonathan', 'Chang, Ni-Chen', 'Matthews, Benjamin J.', 'Oxley, Peter R.', 'Kronauer, Daniel J.C.']	Cell	article	10.1016/j.cell.2017.07.001	353.074	2017-08-10T00:00:00+00:00	2017	8	6	1	1	0.75	0.125	0.125	8			male	0.99	firstlast	Waring Trible, Leonora Olivos-Cisneros, Sean McKenzie, Jonathan Saragosti, Ni-Chen Chang, Benjamin Matthews, Peter Oxley, Daniel Kronauer
509948	1664927	['Joo\xa0Min Park', 'Jia-Hua Hu', 'Aleksandr Milshteyn', 'Ping-Wu Zhang', 'Chester\xa0G. Moore', 'Sungjin Park', 'Michael\xa0C. Datko', 'Racquel\xa0D. Domingo', 'Cindy\xa0M. Reyes', 'Xiaodong\xa0J. Wang', 'Felicia\xa0A. Etzkorn', 'Bo Xiao', 'Karen\xa0K. Szumlinski', 'Dorothee Kern', 'David\xa0J. Linden', 'Paul\xa0F. Worley', 'Park JM', 'Hu JH', 'Milshteyn A', 'Zhang PW', 'Moore CG', 'Park S', 'Datko MC', 'Domingo RD', 'Reyes CM', 'Wang XJ', 'Etzkorn FA', 'Xiao B', 'Szumlinski KK', 'Kern D', 'Linden DJ', 'Worley PF']	Cell	article	10.1016/j.cell.2013.07.001	16.796	2013-08-01T00:00:00+00:00	2013	8	11	5	1	0.647058823529412	0.294117647058824	0.0588235294117647	17	male	0.94	male	0.99	firstlast	Joo Min, Park J, Jia-Hua Hu, Aleksandr Milshteyn, Ping-Wu Zhang, Chester Moore, Sungjin Park, Michael Datko, Racquel Domingo, Cindy Reyes, Xiaodong Wang, Felicia Etzkorn, Bo Xiao, Karen Szumlinski, Dorothee Kern, David Linden, Paul Worley
